t_s,p_cmd_deg,p_act_deg,v_cmd,v_act,t_cmd,t_act,iq,vbus,temp
14.623,351.777,351.821,0,-0.0481,0,-0.0181,-0.018,32.38,38
14.634,351.777,351.799,0,-0.0893,0,-0.0236,-0.018,32.38,38
14.67,351.777,351.821,0,-0.0923,0,0.0016,-0.018,32.38,38
14.681,351.777,351.821,0,-0.0664,0,-0.0126,-0.018,32.38,38
14.691,351.777,351.821,0,0.0206,0,-0.0093,-0.018,32.38,38
14.721,351.777,351.799,0,-0.0694,0,0.0291,-0.018,32.38,38
14.732,351.777,351.799,0,-0.1183,0,-0.0368,-0.018,32.38,38
14.742,351.777,351.821,0,-0.0282,0,-0.0049,-0.018,32.38,38
14.773,351.777,351.821,0,-0.042,0,-0.0203,-0.018,32.38,38
14.784,351.777,351.821,0,-0.0023,0,-0.0115,-0.018,32.38,38
14.793,351.777,351.821,0,0.0221,0,0.0478,-0.018,32.38,38
14.827,351.777,351.821,0,0.0084,0,-0.006,-0.018,32.38,38
14.838,351.777,351.821,0,0.0603,0,-0.0148,-0.018,32.38,38
14.874,351.777,351.821,0,0.0633,0,0.0379,-0.018,32.38,38
14.885,351.777,351.821,0,0.0328,0,0.0214,-0.018,32.38,38
14.923,351.777,351.821,0,-0.0526,0,-0.0159,-0.018,32.38,38
14.934,351.777,351.821,0,0.1457,0,0.0203,-0.018,32.38,38
14.944,351.777,351.821,0,0.0893,0,0.0093,-0.018,32.38,38
14.974,351.777,351.821,0,0.0145,0,-0.0093,-0.018,32.38,38
14.985,351.777,351.821,0,-0.0221,0,-0.0093,-0.018,32.38,38
14.996,351.777,351.821,0,0.1015,0,-0.0368,-0.018,32.38,38
15.026,351.777,351.799,0,-0.0771,0,0.0038,-0.018,32.38,38
15.037,351.777,351.821,0,0.0343,0,-0.0071,-0.018,32.38,38
15.047,351.777,351.821,0,-0.0206,0,0.0071,-0.018,32.38,38
15.077,351.777,351.799,0,-0.0557,0,-0.0214,-0.018,32.38,38
15.088,351.777,351.821,0,0.0145,0,0.0093,-0.018,32.38,38
15.098,351.777,351.821,0,-0.0923,0,-0.0126,-0.018,32.38,38
15.129,351.777,351.821,0,-0.0511,0,-0.0126,-0.018,32.38,38
15.14,351.777,351.821,0,-0.0145,0,0.028,-0.018,32.38,38
15.178,351.777,351.821,0,-0.0267,0,0.0005,-0.018,32.38,38
15.189,351.777,351.821,0,0.1198,0,-0.0038,-0.018,32.38,38
15.199,351.777,351.821,0,0.0481,0,0.0236,-0.018,32.38,38
15.23,351.777,351.821,0,0.045,0,-0.0126,-0.018,32.38,38
15.241,351.777,351.821,0,0.1244,0,-0.006,-0.018,32.38,38
15.251,351.777,351.821,0,-0.0114,0,-0.0181,-0.018,32.38,38
15.281,351.777,351.821,0,-0.0038,0,-0.0071,-0.018,32.38,38
15.292,351.777,351.821,0,-0.0343,0,-0.0412,-0.018,32.38,38
15.302,351.777,351.821,0,-0.1518,0,0.0203,-0.018,32.38,38
15.333,351.777,351.821,0,0.0496,0,-0.0357,-0.018,32.38,38
15.344,351.777,351.821,0,0.0679,0,-0.0357,-0.018,32.38,38
15.354,351.777,351.821,0,-0.0343,0,0.0522,-0.018,32.38,38
15.388,351.777,351.821,0,0.1015,0,0.0148,-0.018,32.38,38
15.399,351.777,351.821,0,-0.1396,0,0.0379,-0.018,32.38,38
15.435,351.777,351.821,0,0.0511,0,0.0115,-0.018,32.38,38
15.446,351.777,351.821,0,0.016,0,-0.0049,-0.018,32.38,38
15.456,351.777,351.821,0,0.0237,0,-0.0368,-0.018,32.38,38
15.486,351.777,351.821,0,0.0694,0,0.0049,-0.018,32.38,38
15.498,351.777,351.821,0,-0.161,0,-0.0247,-0.018,32.38,38
15.507,351.777,351.821,0,-0.0053,0,-0.0247,-0.018,32.38,38
15.537,351.777,351.821,0,-0.0023,0,0.0269,-0.018,32.38,38
15.548,351.777,351.799,0,-0.0786,0,-0.0159,-0.018,32.38,38
15.558,351.777,351.799,0,-0.1732,0,0.006,-0.018,32.38,38
15.588,351.777,351.821,0,0.0175,0,-0.0137,-0.018,32.38,38
15.599,351.777,351.821,0,0.0969,0,0.0214,-0.018,32.38,38
15.609,351.777,351.821,0,0.132,0,0.0027,-0.018,32.38,38
15.644,351.777,351.821,0,0.0206,0,0.0126,-0.018,32.38,38
15.655,351.777,351.821,0,0.0771,0,-0.0049,-0.018,32.38,38
15.69,351.777,351.821,0,-0.0847,0,0.0126,-0.018,32.38,38
15.701,351.777,351.821,0,0.0542,0,-0.0324,-0.018,32.38,38
15.711,351.777,351.821,0,-0.0923,0,0.0005,-0.018,32.38,38
15.741,351.777,351.821,0,0.074,0,0.0335,-0.018,32.38,38
15.752,351.777,351.821,0,0.0191,0,-0.0269,-0.018,32.38,38
15.762,351.777,351.821,0,-0.0053,0,0.0027,-0.018,32.38,38
15.782,351.777,351.821,0,0.0053,0,-0.0071,-0.018,32.38,38
15.785,351.777,351.821,0,0.0069,0,-0.0071,-0.018,32.38,38
15.792,351.777,351.821,0,-0.0069,0,0.0038,-0.018,32.38,38
15.802,351.777,351.821,0,0.0023,0,-0.0016,-0.018,32.38,38
15.812,351.777,351.821,0,0.0633,0,0.0148,-0.018,32.38,38
15.842,351.777,351.799,0,0.0557,0,-0.0115,-0.018,32.38,38
15.853,351.777,351.821,0,-0.0359,0,-0.0027,-0.018,32.38,38
15.863,351.777,351.821,0,0.1259,0,0.0181,-0.018,32.38,38
15.901,351.777,351.821,0,-0.0053,0,0.0126,-0.018,32.38,38
15.912,351.777,351.821,0,-0.016,0,0.0005,-0.018,32.38,38
15.947,351.777,351.821,0,-0.0282,0,-0.017,-0.018,32.38,38
15.958,351.777,351.821,0,0.0237,0,-0.0269,-0.018,32.38,38
15.991,351.777,351.821,0,0.0862,0,-0.006,-0.018,32.38,38
16.002,351.777,351.821,0,-0.0969,0,0.0236,-0.018,32.38,38
16.012,351.777,351.821,0,0.0069,0,-0.0071,-0.018,32.38,38
16.044,351.777,351.821,0,-0.0816,0,-0.0159,-0.018,32.38,38
16.055,351.777,351.799,0,-0.045,0,0.0049,-0.018,32.38,38
16.066,351.777,351.821,0,0.0496,0,0.0137,-0.018,32.38,38
16.096,351.777,351.821,0,-0.0267,0,-0.0005,-0.018,32.38,38
16.107,351.777,351.821,0,0.0038,0,-0.0423,-0.018,32.38,38
16.118,351.777,351.821,0,-0.0725,0,-0.0093,-0.018,32.38,38
16.148,351.777,351.821,0,-0.0191,0,0.0269,-0.018,32.38,38
16.159,351.777,351.821,0,-0.0725,0,-0.0093,-0.018,32.38,38
16.169,351.777,351.821,0,0.0328,0,-0.0005,-0.018,32.38,38
16.199,351.777,351.821,0,0.0679,0,0.0115,-0.018,32.38,38
16.21,351.777,351.821,0,-0.0587,0,0.0104,-0.018,32.38,38
16.221,351.777,351.821,0,0.0969,0,0.0115,-0.018,32.38,38
16.251,351.777,351.821,0,0.0481,0,-0.0071,-0.018,32.38,38
16.262,351.777,351.821,0,-0.0603,0,-0.006,-0.018,32.38,38
16.272,351.777,351.821,0,0.0145,0,0.0016,-0.018,32.38,38
16.302,351.777,351.799,0,-0.1106,0,-0.0192,-0.018,32.38,38
16.313,351.777,351.821,0,0.0557,0,-0.0214,-0.018,32.38,38
16.323,351.777,351.821,0,-0.0694,0,-0.0027,-0.018,32.38,38
16.343,351.777,351.821,0,0.0145,0,-0.0247,-0.018,32.38,38
16.346,351.777,351.799,0,-0.1289,0,-0.0269,-0.018,32.38,38
16.354,351.777,351.821,0,-0.0008,0,-0.0027,-0.018,32.38,38
16.364,351.777,351.799,0,-0.0374,0,0.0148,-0.018,32.38,38
16.374,351.777,351.799,0,0.0587,0,-0.028,-0.018,32.38,38
16.404,351.777,351.821,0,-0.0191,0,0.0302,-0.018,32.38,38
16.415,351.777,351.821,0,-0.0557,0,-0.0126,-0.018,32.38,38
16.426,351.777,351.821,0,0.0572,0,0.0016,-0.018,32.38,38
16.456,351.777,351.821,0,0.0175,0,0.0126,-0.018,32.38,38
16.467,351.777,351.821,0,-0.0984,0,-0.0082,-0.018,32.38,38
16.478,351.777,351.821,0,-0.0114,0,0.0082,-0.018,32.38,38
16.508,351.777,351.821,0,-0.0343,0,-0.0104,-0.018,32.38,38
16.519,351.777,351.821,0,-0.0221,0,0.0291,-0.018,32.38,38
16.529,351.777,351.821,0,-0.0786,0,-0.0027,-0.018,32.38,38
16.569,351.777,351.821,0,-0.0206,0,0.0071,-0.018,32.38,38
16.58,351.777,351.799,0,-0.0038,0,-0.0104,-0.018,32.38,38
16.611,351.777,351.821,0,0.0572,0,0.0192,-0.018,32.38,38
16.622,351.777,351.799,0,0.0023,0,-0.0005,-0.018,32.38,38
16.632,351.777,351.821,0,-0.0084,0,0.0027,-0.018,32.38,38
16.662,351.777,351.799,0,-0.0191,0,0.0016,-0.018,32.38,38
16.673,351.777,351.821,0,0.0496,0,0.0049,-0.018,32.38,38
16.683,351.777,351.799,0,-0.0374,0,-0.0137,-0.018,32.38,38
16.714,351.777,351.821,0,-0.0603,0,0.0016,-0.018,32.38,38
16.725,351.777,351.821,0,-0.0298,0,0.0159,-0.018,32.38,38
16.765,351.777,351.821,0,0.016,0,0.0016,-0.018,32.38,38
16.776,351.777,351.821,0,0.0175,0,-0.0038,-0.018,32.38,38
16.813,351.777,351.821,0,-0.0038,0,0.039,-0.018,32.38,38
16.824,351.777,351.821,0,0.0679,0,0.0049,-0.018,32.38,38
16.834,351.777,351.821,0,0.0435,0,0.0423,-0.018,32.38,38
16.854,351.777,351.821,0,-0.1076,0,0.0335,-0.018,32.38,38
16.857,351.777,351.821,0,-0.1122,0,0.0071,-0.018,32.38,38
16.863,351.777,351.821,0,-0.0801,0,0.0005,-0.018,32.38,38
16.874,351.777,351.821,0,0.0923,0,-0.0104,-0.018,32.38,38
16.884,351.777,351.821,0,0.0908,0,-0.0445,-0.018,32.38,38
16.921,351.777,351.821,0,-0.0038,0,-0.0214,-0.018,32.38,38
16.932,351.777,351.821,0,0.0328,0,-0.0049,-0.018,32.38,38
16.968,351.777,351.821,0,0.0572,0,-0.0115,-0.018,32.38,38
16.979,351.777,351.821,0,-0.0221,0,-0.0313,-0.018,32.38,38
17.015,351.777,351.799,0,-0.1015,0,0.0412,-0.018,32.38,38
17.026,351.777,351.821,0,0.0877,0,-0.0203,-0.018,32.38,38
17.036,351.777,351.821,0,0.0847,0,-0.0302,-0.018,32.38,38
17.067,351.777,351.821,0,0.0069,0,0.0104,-0.018,32.38,38
17.078,351.777,351.821,0,0.1854,0,-0.0159,-0.018,32.38,38
17.088,351.777,351.821,0,0.132,0,-0.0027,-0.018,32.38,38
17.118,351.777,351.821,0,0.0221,0,-0.0412,-0.018,32.38,38
17.129,351.777,351.821,0,0.0526,0,0.0115,-0.018,32.38,38
17.139,351.777,351.821,0,0.0465,0,0.0082,-0.018,32.38,38
17.171,351.777,351.821,0,0.0648,0,0.0126,-0.018,32.38,38
17.182,351.777,351.821,0,-0.0603,0,0.017,-0.018,32.38,38
17.219,351.777,351.821,0,0.0221,0,0.0181,-0.018,32.38,38
17.23,351.777,351.799,0,-0.016,0,-0.0148,-0.018,32.38,38
17.241,351.777,351.821,0,0.0313,0,0.0093,-0.018,32.38,38
17.271,351.777,351.799,0,-0.0633,0,0.0225,-0.018,32.38,38
17.282,351.777,351.821,0,-0.0038,0,-0.0038,-0.018,32.38,38
17.292,351.777,351.821,0,0.0587,0,-0.0082,-0.018,32.38,38
17.322,351.777,351.821,0,-0.0069,0,0.0159,-0.018,32.38,38
17.333,351.777,351.821,0,-0.0618,0,-0.0236,-0.018,32.38,38
17.343,351.777,351.821,0,0.071,0,0.0247,-0.018,32.38,38
17.38,351.777,351.799,0,-0.0587,0,-0.006,-0.018,32.38,38
17.391,351.777,351.821,0,0.0908,0,-0.0236,-0.018,32.38,38
17.425,351.777,351.821,0,-0.0053,0,0.0082,-0.018,32.38,38
17.436,351.777,351.821,0,-0.0633,0,0.0049,-0.018,32.38,38
17.446,351.777,351.821,0,0.0084,0,-0.0082,-0.018,32.38,38
17.466,351.777,351.821,0,0.0954,0,0.0225,-0.018,32.38,38
17.469,351.777,351.821,0,-0.0114,0,-0.0159,-0.018,32.38,38
17.475,351.667,351.821,-1.787,0.0465,-10.8679,-0.0071,-0.018,32.38,38
17.486,347.138,349.184,-11.687,-7.8698,-10.9669,-6.6979,-0.018,32.38,38
17.496,337.605,342.043,-20.687,-16.041,-11.0569,-7.4417,-0.018,32.38,38
17.549,224.818,263.138,-30.587,-30.2182,10.4441,-0.7784,-0.018,32.38,38
17.612,200,204.601,0,-3.3974,0,1.765,-0.018,32.38,38
17.661,200,200.954,0,-0.5379,0,0.1038,-0.018,32.38,38
17.703,200,200.383,0,-0.0435,0,-0.0906,-0.018,32.38,38
17.714,200,200.361,0,-0.0648,0,-0.1148,-0.018,32.38,38
17.76,200,200.339,0,0.0526,0,-0.1071,-0.018,32.38,38
17.805,200,200.339,0,0.0053,0,-0.1357,-0.018,32.38,38
17.816,200,200.339,0,-0.0328,0,-0.1368,-0.018,32.38,38
17.846,200,200.339,0,-0.0084,0,-0.1093,-0.018,32.38,38
17.857,200,200.339,0,0.0175,0,-0.1478,-0.018,32.38,38
17.867,200,200.339,0,-0.1656,0,-0.1401,-0.018,32.38,38
17.898,200,200.361,0,0.0114,0,-0.1225,-0.018,32.38,38
17.909,200,200.339,0,-0.0984,0,-0.1533,-0.018,32.38,38
17.919,200,200.339,0,-0.0435,0,-0.1544,-0.018,32.38,38
17.94,200,200.339,0,0.0481,0,-0.1368,-0.018,32.38,38
17.943,200,200.339,0,-0.0542,0,-0.1082,-0.018,32.38,38
17.95,200,200.361,0,0.0786,0,-0.1346,-0.018,32.38,38
17.959,200,200.339,0,0.0404,0,-0.1379,-0.018,32.38,38
17.97,200,200.339,0,0.0099,0,-0.1719,-0.018,32.38,38
18,200,200.339,0,-0.0008,0,-0.1401,-0.018,32.38,38
18.011,200,200.339,0,0.0465,0,-0.1445,-0.018,32.38,38
18.021,200,200.339,0,0.0343,0,-0.1423,-0.018,32.38,38
18.052,200,200.339,0,-0.0633,0,-0.1269,-0.018,32.38,38
18.063,200,200.339,0,-0.0862,0,-0.1697,-0.018,32.38,38
18.101,200,200.361,0,0.0938,0,-0.0895,-0.018,32.38,38
18.112,200,200.339,0,-0.0542,0,-0.1368,-0.018,32.38,38
18.122,200,200.339,0,-0.0221,0,-0.1533,-0.018,32.38,38
18.153,200,200.339,0,-0.0145,0,-0.1456,-0.018,32.38,38
18.164,200,200.339,0,-0.0648,0,-0.1159,-0.018,32.38,38
18.174,200,200.339,0,-0.0328,0,-0.1456,-0.018,32.38,38
18.195,200,200.339,0,-0.0526,0,-0.1577,-0.018,32.38,38
18.198,200,200.361,0,0.0359,0,-0.1137,-0.018,32.38,38
18.204,200,200.361,0,0.0481,0,-0.1434,-0.018,32.38,38
18.213,200,200.339,0,-0.1442,0,-0.1137,-0.018,32.2,38
18.224,200,200.339,0,0.0587,0,-0.1005,-0.018,32.2,38
18.265,200,200.339,0,-0.0038,0,-0.117,-0.018,32.2,38
18.276,200,200.339,0,-0.0328,0,-0.1236,-0.018,32.2,38
18.306,200,200.339,0,-0.0114,0,-0.1192,-0.018,32.2,38
18.317,200,200.339,0,0.0725,0,-0.1423,-0.018,32.2,38
18.327,200,200.339,0,-0.013,0,-0.139,-0.018,32.2,38
18.348,200,200.339,0,-0.0481,0,-0.1544,-0.018,32.2,38
18.351,200,200.339,0,-0.0404,0,-0.1555,-0.018,32.2,38
18.357,200,200.339,0,0.0191,0,-0.161,-0.018,32.2,38
18.367,200,200.339,0,0.0664,0,-0.0851,-0.018,32.2,38
18.378,200,200.317,0,-0.0999,0,-0.1236,-0.018,32.2,38
18.398,200,200.317,0,0.0496,0,-0.1302,-0.018,32.2,38
18.401,200,200.317,0,0.0023,0,-0.1236,-0.018,32.2,38
18.407,200,200.317,0,-0.045,0,-0.0983,-0.018,32.2,38
18.418,200,200.317,0,0.0603,0,-0.1621,-0.018,32.2,38
18.428,200,200.317,0,-0.0084,0,-0.0851,-0.018,32.2,38
18.459,200,200.317,0,0.0557,0,-0.1181,-0.018,32.2,38
18.47,200,200.317,0,-0.0298,0,-0.0961,-0.018,32.2,38
18.509,200,200.317,0,-0.045,0,-0.1005,-0.018,32.2,38
18.52,200,200.317,0,0.0755,0,-0.1445,-0.018,32.2,38
18.548,200,200.339,0,0.0313,0,-0.1203,-0.018,32.2,38
18.551,200,200.317,0,-0.0435,0,-0.0599,-0.018,32.2,38
18.553,200,200.317,0,-0.0206,0,-0.1203,-0.018,32.2,38
18.561,200,200.317,0,0.0755,0,-0.1379,-0.018,32.2,38
18.571,200,200.317,0,-0.0206,0,-0.1027,-0.018,32.2,38
18.599,200,200.317,0,-0.0542,0,-0.161,-0.018,32.2,38
18.602,200,200.317,0,0.0801,0,-0.0972,-0.018,32.2,38
18.604,200,200.317,0,0.0328,0,-0.117,-0.018,32.2,38
18.61,200,200.317,0,0.1015,0,-0.1148,-0.018,32.2,38
18.621,200,200.317,0,-0.0511,0,-0.0818,-0.018,32.2,38
18.659,200,200.317,0,-0.0328,0,-0.1522,-0.018,32.2,38
18.67,200,200.317,0,0.0374,0,-0.1148,-0.018,32.2,38
18.71,200,200.317,0,-0.0969,0,-0.0961,-0.018,32.2,38
18.721,200,200.317,0,-0.0481,0,-0.0939,-0.018,32.2,38
18.759,200,200.317,0,0.103,0,-0.0983,-0.018,32.2,38
18.77,200,200.317,0,0.0038,0,-0.1368,-0.018,32.2,38
18.809,200,200.317,0,-0.0694,0,-0.1214,-0.018,32.2,38
18.821,200,200.317,0,-0.0633,0,-0.106,-0.018,32.2,38
18.83,200,200.317,0,0.0343,0,-0.0862,-0.018,32.2,38
18.86,200,200.317,0,0.0267,0,-0.128,-0.018,32.2,38
18.871,200,200.317,0,-0.0313,0,-0.095,-0.018,32.2,38
18.881,200,200.317,0,0.1961,0,-0.1291,-0.018,32.2,38
18.912,200,200.317,0,0.0816,0,-0.0873,-0.018,32.2,38
18.923,200,200.317,0,-0.0877,0,-0.1104,-0.018,32.2,38
18.961,200,200.317,0,-0.0496,0,-0.15,-0.018,32.2,38
18.972,200,200.317,0,-0.0175,0,-0.0544,-0.018,32.2,38
18.982,200,200.317,0,0.074,0,-0.1269,-0.018,32.2,38
19.013,200,200.317,0,-0.0679,0,-0.0873,-0.018,32.2,38
19.024,200,200.317,0,0.1076,0,-0.1126,-0.018,32.2,38
19.034,200,200.317,0,0.0191,0,-0.1071,-0.018,32.2,38
19.064,200,200.317,0,0.0847,0,-0.1225,-0.018,32.2,38
19.076,200,200.317,0,-0.0282,0,-0.1434,-0.018,32.2,38
19.085,200,200.317,0,0.0328,0,-0.1269,-0.018,32.2,38
19.122,200,200.317,0,-0.0084,0,-0.1038,-0.018,32.2,38
19.133,200,200.317,0,0.0755,0,-0.1313,-0.018,32.2,38
19.165,200,200.317,0,0.0847,0,-0.1412,-0.018,32.2,38
19.176,200,200.317,0,0.1396,0,-0.0994,-0.018,32.2,38
19.186,200,200.317,0,-0.0221,0,-0.1192,-0.018,32.2,38
19.206,200,200.317,0,0.1427,0,-0.139,-0.018,32.2,38
19.209,200,200.317,0,-0.0191,0,-0.1016,-0.018,32.2,38
19.216,200,200.317,0,-0.0114,0,-0.0983,-0.018,32.2,38
19.227,200,200.317,0,-0.0587,0,-0.1082,-0.018,32.2,38
19.236,200,200.317,0,0.0648,0,-0.1566,-0.018,32.2,38
19.266,200,200.317,0,0.042,0,-0.1038,-0.018,32.2,38
19.277,200,200.317,0,0.0526,0,-0.1313,-0.018,32.2,38
19.287,200,200.317,0,0.0877,0,-0.1016,-0.018,32.2,38
19.318,200,200.317,0,-0.0969,0,-0.1104,-0.018,32.2,38
19.329,200,200.339,0,0.2281,0,-0.1027,-0.018,32.2,38
19.339,200,200.317,0,0.0832,0,-0.1049,-0.018,32.2,38
19.359,200,200.317,0,0.0298,0,-0.117,-0.018,32.2,38
19.362,200,200.317,0,0.042,0,-0.1258,-0.018,32.2,38
19.37,200,200.317,0,-0.0557,0,-0.1082,-0.018,32.2,38
19.379,200,200.317,0,-0.042,0,-0.0884,-0.018,32.2,38
19.389,200,200.317,0,0.0175,0,-0.0917,-0.018,32.2,38
19.42,200,200.317,0,-0.0572,0,-0.1159,-0.018,32.2,38
19.431,200,200.317,0,0.0801,0,-0.0939,-0.018,32.2,38
19.441,200,200.317,0,-0.0435,0,-0.1533,-0.018,32.2,38
19.472,200,200.317,0,-0.0191,0,-0.0961,-0.018,32.2,38
19.483,200,200.317,0,0.0496,0,-0.1181,-0.018,32.2,38
19.521,200,200.317,0,-0.0572,0,-0.095,-0.018,32.2,38
19.532,200,200.317,0,-0.0572,0,-0.1038,-0.018,32.2,38
19.542,200,200.317,0,0.0343,0,-0.1148,-0.018,32.2,38
19.573,200,200.317,0,0.074,0,-0.1104,-0.018,32.2,38
19.584,200,200.317,0,0.0496,0,-0.1148,-0.018,32.2,38
19.594,200,200.317,0,0.0755,0,-0.1258,-0.018,32.2,38
19.624,200,200.317,0,0.0053,0,-0.1313,-0.018,32.2,38
19.635,200,200.317,0,-0.016,0,-0.0851,-0.018,32.2,38
19.646,200,200.317,0,-0.0725,0,-0.0972,-0.018,32.2,38
19.676,200,200.317,0,-0.0298,0,-0.117,-0.018,32.2,38
19.687,200,200.317,0,0.1274,0,-0.1588,-0.018,32.2,38
19.698,200,200.339,0,0.1335,0,-0.0895,-0.018,32.2,38
19.729,200,200.317,0,-0.013,0,-0.0972,-0.018,32.2,38
19.74,200,200.317,0,0.0069,0,-0.0862,-0.018,32.2,38
19.778,200,200.317,0,-0.1015,0,-0.0599,-0.018,32.2,38
19.789,200,200.317,0,0.016,0,-0.0928,-0.018,32.2,38
19.799,200,200.317,0,-0.0175,0,-0.1258,-0.018,32.2,38
19.831,200,200.317,0,-0.0603,0,-0.0972,-0.018,32.2,38
19.842,200,200.317,0,0.0618,0,-0.0764,-0.018,32.2,38
19.885,200,200.317,0,-0.071,0,-0.1115,-0.018,32.2,38
19.896,200,200.339,0,0.0511,0,-0.1335,-0.018,32.2,38
19.933,200,200.317,0,-0.1701,0,-0.1093,-0.018,32.2,38
19.944,200,200.317,0,0.0099,0,-0.1071,-0.018,32.2,38
19.953,200,200.317,0,-0.0023,0,-0.1533,-0.018,32.2,38
19.988,200,200.317,0,0.0389,0,-0.1181,-0.018,32.2,38
19.999,200,200.317,0,0.0328,0,-0.117,-0.018,32.2,38
20.035,200,200.317,0,-0.0648,0,-0.0884,-0.018,32.2,38
20.046,200,200.317,0,-0.0404,0,-0.1104,-0.018,32.2,38
20.056,200,200.317,0,-0.0969,0,-0.1302,-0.018,32.2,38
20.087,200,200.317,0,0.0893,0,-0.0698,-0.018,32.2,38
20.098,200,200.317,0,-0.0023,0,-0.128,-0.018,32.2,38
20.108,200,200.317,0,0.0481,0,-0.1357,-0.018,32.2,38
20.138,200,200.317,0,0.106,0,-0.072,-0.018,32.2,38
20.149,200,200.317,0,-0.016,0,-0.1049,-0.018,32.2,38
20.159,200,200.317,0,-0.0511,0,-0.117,-0.018,32.2,38
20.191,200,200.317,0,0.0633,0,-0.128,-0.018,32.2,38
20.202,200,200.317,0,-0.0221,0,-0.1236,-0.018,32.2,38
20.23,200,200.317,0,-0.0175,0,-0.1137,-0.018,32.2,38
20.233,200,200.317,0,-0.1244,0,-0.0851,-0.018,32.2,38
20.235,200,200.317,0,-0.0343,0,-0.1621,-0.018,32.2,38
20.242,200,200.317,0,-0.1625,0,-0.1203,-0.018,32.2,38
20.252,200,200.317,0,-0.1671,0,-0.1368,-0.018,32.2,38
20.29,200,200.317,0,-0.0832,0,-0.1192,-0.018,32.2,38
20.301,200,200.317,0,0.1381,0,-0.0906,-0.018,32.2,38
20.311,200,200.317,0,-0.0557,0,-0.1181,-0.018,32.2,38
20.341,200,200.317,0,0.0572,0,-0.0972,-0.018,32.2,38
20.352,200,200.317,0,0.0237,0,-0.1038,-0.018,32.2,38
20.362,200,200.317,0,-0.1045,0,-0.1434,-0.018,32.2,38
20.393,200,200.317,0,-0.0847,0,-0.1027,-0.018,32.2,38
20.404,200,200.317,0,-0.0923,0,-0.1082,-0.018,32.2,38
20.414,200,200.317,0,0.0496,0,-0.1016,-0.018,32.2,38
20.444,200,200.317,0,-0.0084,0,-0.1126,-0.018,32.2,38
20.456,200,200.317,0,0.0999,0,-0.1203,-0.018,32.2,38
20.465,200,200.317,0,0.0603,0,-0.1104,-0.018,32.2,38
20.501,200,200.317,0,-0.045,0,-0.1225,-0.018,32.2,38
20.512,200,200.317,0,-0.0038,0,-0.1511,-0.018,32.2,38
20.546,200,200.317,0,-0.045,0,-0.095,-0.018,32.2,38
20.557,200,200.317,0,0.0984,0,-0.1313,-0.018,32.2,38
20.567,200,200.339,0,0.0343,0,-0.1005,-0.018,32.2,38
20.598,200,200.339,0,0.1259,0,-0.1082,-0.018,32.2,38
20.609,200,200.317,0,0.0267,0,-0.0709,-0.018,32.2,38
20.619,200,200.317,0,0.0618,0,-0.106,-0.018,32.2,38
20.65,200,200.317,0,-0.0664,0,-0.0818,-0.018,32.2,38
20.661,200,200.317,0,-0.0435,0,-0.117,-0.018,32.2,38
20.671,200,200.317,0,-0.0069,0,-0.1302,-0.018,32.2,38
20.701,200,200.317,0,-0.0343,0,-0.1247,-0.018,32.2,38
20.712,200,200.317,0,0.074,0,-0.1027,-0.018,32.2,38
20.722,200,200.317,0,0.0755,0,-0.1016,-0.018,32.2,38
20.753,200,200.317,0,0.0496,0,-0.1038,-0.018,32.2,38
20.764,200,200.317,0,0.0786,0,-0.106,-0.018,32.2,38
20.773,200,200.317,0,0.1167,0,-0.1203,-0.018,32.2,38
20.807,200,200.317,0,0.0328,0,-0.1324,-0.018,32.2,38
20.818,200,200.317,0,0.042,0,-0.128,-0.018,32.2,38
20.854,200,200.317,0,0.0114,0,-0.0939,-0.018,32.2,38
20.865,200,200.317,0,0.013,0,-0.1203,-0.018,32.2,38
20.904,200,200.317,0,-0.0267,0,-0.1005,-0.018,32.2,38
20.915,200,200.317,0,-0.0481,0,-0.0906,-0.018,32.2,38
20.954,200,200.317,0,-0.0389,0,-0.1093,-0.018,32.2,38
20.965,200,200.317,0,0.0114,0,-0.0862,-0.018,32.2,38
21.004,200,200.317,0,0.0908,0,-0.1115,-0.018,32.2,38
21.015,200,200.317,0,0.0923,0,-0.1456,-0.018,32.2,38
21.054,200,200.317,0,0.1106,0,-0.0829,-0.018,32.2,38
21.065,200,200.317,0,0.0099,0,-0.0698,-0.018,32.2,38
21.104,200,200.317,0,-0.0313,0,-0.0983,-0.018,32.2,38
21.115,200,200.317,0,0.0694,0,-0.161,-0.018,32.2,38
21.143,200,200.317,0,0.0298,0,-0.0961,-0.018,32.2,38
21.146,200,200.317,0,0.0069,0,-0.1115,-0.018,32.2,38
21.148,200,200.317,0,-0.0038,0,-0.0961,-0.018,32.2,38
21.156,200,200.317,0,-0.0175,0,-0.128,-0.018,32.2,38
21.166,200,200.317,0,0.0984,0,-0.1192,-0.018,32.2,38
21.204,200,200.317,0,0.0191,0,-0.1203,-0.018,32.2,38
21.215,200,200.317,0,-0.042,0,-0.1324,-0.018,32.2,38
21.243,200,200.317,0,-0.0648,0,-0.0851,-0.018,32.2,38
21.246,200,200.317,0,0.0099,0,-0.1104,-0.018,32.2,38
21.248,200,200.317,0,-0.0511,0,-0.1104,-0.018,32.2,38
21.256,200,200.317,0,-0.106,0,-0.1533,-0.018,32.2,38
21.266,200,200.317,0,-0.0008,0,-0.0742,-0.018,32.2,38
21.304,200,200.317,0,0.0511,0,-0.0961,-0.018,32.2,38
21.315,200,200.317,0,0.0038,0,-0.1225,-0.018,32.2,38
21.354,200,200.317,0,0.0298,0,-0.084,-0.018,32.2,38
21.365,200,200.317,0,0.0404,0,-0.1104,-0.018,32.2,38
21.404,200,200.317,0,0.0984,0,-0.1225,-0.018,32.2,38
21.415,200,200.317,0,-0.0206,0,-0.0665,-0.018,32.2,38
21.454,200,200.317,0,-0.1442,0,-0.0873,-0.018,32.2,38
21.465,200,200.317,0,0.0252,0,-0.1137,-0.018,32.2,38
21.494,200,200.317,0,-0.0328,0,-0.1225,-0.018,32.2,38
21.497,200,200.317,0,0.0298,0,-0.1313,-0.018,32.2,38
21.499,200,200.317,0,0.0877,0,-0.1302,-0.018,32.2,38
21.505,200,200.317,0,0.013,0,-0.15,-0.018,32.2,38
21.516,200,200.317,0,0.0023,0,-0.1137,-0.018,32.2,38
21.554,200,200.317,0,-0.042,0,-0.1027,-0.018,32.2,38
21.565,200,200.317,0,0.0221,0,-0.1115,-0.018,32.2,38
21.604,200,200.317,0,-0.1396,0,-0.0928,-0.018,32.2,38
21.615,200,200.339,0,0.0618,0,-0.1181,-0.018,32.2,38
21.654,200,200.317,0,0.0313,0,-0.1049,-0.018,32.2,38
21.665,200,200.317,0,0.1854,0,-0.0818,-0.018,32.2,38
21.703,200,200.317,0,-0.1381,0,-0.1181,-0.018,32.2,38
21.714,200,200.317,0,-0.071,0,-0.1456,-0.018,32.2,38
21.724,200,200.317,0,-0.0237,0,-0.1104,-0.018,32.2,38
21.754,200,200.317,0,0.0359,0,-0.1115,-0.018,32.2,38
21.766,200,200.317,0,0.0145,0,-0.1192,-0.018,32.2,38
21.776,200,200.317,0,0.0725,0,-0.1236,-0.018,32.2,38
21.806,200,200.317,0,-0.103,0,-0.1148,-0.018,32.2,38
21.817,200,200.317,0,-0.0313,0,-0.1192,-0.018,32.2,38
21.827,200,200.317,0,0.0771,0,-0.084,-0.018,32.2,38
21.858,200,200.317,0,-0.0725,0,-0.0994,-0.018,32.2,38
21.869,200,200.317,0,0.0648,0,-0.0928,-0.018,32.2,38
21.879,200,200.317,0,0.0313,0,-0.1181,-0.018,32.2,38
21.91,200,200.317,0,-0.106,0,-0.1181,-0.018,32.2,38
21.921,200,200.317,0,-0.045,0,-0.1302,-0.018,32.2,38
21.931,200,200.317,0,-0.0267,0,-0.1071,-0.018,32.2,38
21.961,200,200.317,0,-0.0984,0,-0.084,-0.018,32.2,38
21.972,200,200.317,0,0.106,0,-0.1181,-0.018,32.2,38
21.982,200,200.317,0,0.0374,0,-0.1269,-0.018,32.2,38
22.013,200,200.317,0,-0.0023,0,-0.1291,-0.018,32.2,38
22.024,200,200.317,0,0.0114,0,-0.0884,-0.018,32.2,38
22.034,200,200.317,0,-0.0587,0,-0.0632,-0.018,32.2,38
22.064,200,200.317,0,-0.0725,0,-0.0961,-0.018,32.2,38
22.075,200,200.317,0,0.0603,0,-0.139,-0.018,32.2,38
22.086,200,200.317,0,-0.0465,0,-0.0994,-0.018,32.2,38
22.116,200,200.317,0,0.0023,0,-0.0939,-0.018,32.2,38
22.127,200,200.317,0,0.0145,0,-0.1082,-0.018,32.2,38
22.138,200,200.317,0,0.1183,0,-0.1192,-0.018,32.2,38
22.169,200,200.317,0,-0.0526,0,-0.1357,-0.018,32.2,38
22.18,200,200.317,0,0.0359,0,-0.0994,-0.018,32.2,38
22.22,200,200.317,0,0.1228,0,-0.1192,-0.018,32.2,38
22.231,200,200.317,0,0.0725,0,-0.1071,-0.018,32.2,38
22.269,200,200.317,0,-0.0648,0,-0.1104,-0.018,32.2,38
22.28,200,200.317,0,0.1366,0,-0.106,-0.018,32.2,38
22.308,200,200.317,0,0.0114,0,-0.1258,-0.018,32.2,38
22.311,200,200.317,0,-0.042,0,-0.117,-0.018,32.2,38
22.313,200,200.317,0,0.0465,0,-0.1269,-0.018,32.2,38
22.321,200,200.317,0,0.0069,0,-0.1093,-0.018,32.2,38
22.331,200,200.317,0,-0.0862,0,-0.0994,-0.018,32.2,38
22.369,200,200.317,0,-0.2464,0,-0.0983,-0.018,32.2,38
22.38,200,200.339,0,0.0801,0,-0.128,-0.018,32.2,38
22.419,200,200.317,0,-0.0237,0,-0.0895,-0.018,32.2,38
22.43,200,200.317,0,0.0664,0,-0.1049,-0.018,32.2,38
22.469,200,200.317,0,0.0206,0,-0.1247,-0.018,32.2,38
22.48,200,200.339,0,0.1015,0,-0.0884,-0.018,32.2,38
22.519,200,200.317,0,0.016,0,-0.0676,-0.018,32.2,38
22.53,200,200.317,0,0.1137,0,-0.1423,-0.018,32.2,38
22.559,200,200.317,0,-0.0359,0,-0.1247,-0.018,32.2,38
22.562,200,200.317,0,0.0221,0,-0.072,-0.018,32.2,38
22.564,200,200.317,0,-0.0542,0,-0.084,-0.018,32.2,38
22.57,200,200.339,0,0.016,0,-0.1148,-0.018,32.2,38
22.581,200,200.317,0,0.103,0,-0.0972,-0.018,32.2,38
22.619,200,200.317,0,-0.0847,0,-0.128,-0.018,32.2,38
22.63,200,200.317,0,0.0435,0,-0.1401,-0.018,32.2,38
22.669,200,200.317,0,0.0755,0,-0.1071,-0.018,32.2,38
22.68,200,200.317,0,-0.0603,0,-0.0764,-0.018,32.2,38
22.719,200,200.317,0,-0.0374,0,-0.1071,-0.018,32.2,38
22.73,200,200.317,0,-0.0038,0,-0.0851,-0.018,32.2,38
22.769,200,200.317,0,-0.0221,0,-0.1126,-0.018,32.2,38
22.781,0,0.022,0,-0.0252,0,-0.0401,-0.018,32.2,38
22.79,0,0.022,0,0.0603,0,-0.0544,-0.018,32.2,38
22.838,0,0.066,0,0.0633,0,0.0093,-0.018,32.2,38
22.879,0,0.088,0,-0.0648,0,-0.0313,-0.018,32.2,38
22.89,0,0.088,0,0.074,0,-0.0093,-0.018,32.2,38
22.92,0,0.088,0,-0.1625,0,0.0192,-0.018,32.2,38
22.931,0,0.088,0,0.161,0,-0.0137,-0.018,32.2,38
22.941,0,0.088,0,0.0648,0,-0.0214,-0.018,32.2,38
22.972,0,0.11,0,0.1076,0,-0.0159,-0.018,32.2,38
22.983,0,0.11,0,0.0191,0,0.0126,-0.018,32.2,38
22.993,0,0.088,0,0.0038,0,0.039,-0.018,32.2,38
23.023,0,0.088,0,-0.0359,0,0.0236,-0.018,32.2,38
23.034,0,0.088,0,0.0267,0,-0.0291,-0.018,32.2,38
23.044,0,0.088,0,-0.013,0,0.0247,-0.018,32.2,38
23.081,0,0.088,0,-0.0359,0,-0.0082,-0.018,32.2,38
23.092,0,0.11,0,0.0755,0,0.0049,-0.018,32.2,38
23.125,0,0.11,0,-0.0099,0,-0.0225,-0.018,32.2,38
23.136,0,0.11,0,-0.0389,0,-0.0115,-0.018,32.2,38
23.146,0,0.11,0,0.016,0,0.0346,-0.018,32.2,38
23.176,0,0.11,0,-0.0343,0,-0.0071,-0.018,32.2,38
23.187,0,0.088,0,-0.0053,0,-0.0005,-0.018,32.2,38
23.197,0,0.088,0,0.0221,0,-0.0104,-0.018,32.2,38
23.228,0,0.11,0,-0.0694,0,0.0247,-0.018,32.2,38
23.239,0,0.088,0,-0.0862,0,-0.0181,-0.018,32.2,38
23.249,0,0.11,0,-0.0648,0,0.0456,-0.018,32.2,38
23.279,0,0.11,0,0.0496,0,0.0038,-0.018,32.2,38
23.29,0,0.11,0,0.0771,0,-0.0027,-0.018,32.2,38
23.3,0,0.088,0,-0.0252,0,0.0368,-0.018,32.2,38
23.331,0,0.11,0,-0.0038,0,-0.0159,-0.018,32.2,38
23.342,0,0.11,0,-0.0389,0,-0.0082,-0.018,32.2,38
23.352,0,0.11,0,-0.0725,0,0.0148,-0.018,32.2,38
23.372,0,0.11,0,0.0633,0,-0.017,-0.018,32.2,38
23.375,0,0.088,0,-0.0969,0,0.0137,-0.018,32.2,38
23.383,0,0.11,0,-0.0084,0,0.0104,-0.018,32.2,38
23.393,0,0.088,0,-0.0938,0,-0.0126,-0.018,32.2,38
23.403,0,0.11,0,0.0526,0,0.0192,-0.018,32.2,38
23.434,0,0.11,0,0.0465,0,0.0269,-0.018,32.2,38
23.446,0,0.11,0,0.016,0,0.0236,-0.018,32.2,38
23.456,0,0.11,0,0.0755,0,-0.0203,-0.018,32.2,38
23.49,0,0.11,0,-0.0542,0,-0.0236,-0.018,32.2,38
23.501,0,0.11,0,-0.0801,0,-0.0027,-0.018,32.2,38
23.537,0,0.11,0,0.0572,0,-0.0137,-0.018,32.2,38
23.548,0,0.11,0,0.0816,0,0.0071,-0.018,32.2,38
23.558,0,0.11,0,0.0389,0,0.0005,-0.018,32.2,38
23.578,0,0.11,0,0.0542,0,0.006,-0.018,32.2,38
23.581,0,0.11,0,0.0618,0,-0.0016,-0.018,32.2,38
23.587,0,0.11,0,-0.016,0,0.0533,-0.018,32.2,38
23.598,0,0.11,0,0.0938,0,-0.0225,-0.018,32.2,38
23.608,0,0.11,0,-0.0847,0,0.0247,-0.018,32.2,38
23.638,0,0.11,0,0.0023,0,0.0049,-0.018,32.2,38
23.65,0,0.11,0,-0.0206,0,-0.0005,-0.018,32.2,38
23.659,0,0.11,0,0.0542,0,0.0159,-0.018,32.2,38
23.679,0,0.11,0,-0.0145,0,-0.0027,-0.018,32.2,38
23.681,0,0.11,0,0.0771,0,0.0137,-0.018,32.2,38
23.689,0,0.11,0,0.0359,0,-0.0038,-0.018,32.2,38
23.699,0,0.132,0,0.1564,0,-0.0379,-0.018,32.2,38
23.709,0,0.11,0,0.0267,0,0.0016,-0.018,32.2,38
23.739,0,0.132,0,0.013,0,0.0236,-0.018,32.2,38
23.75,0,0.11,0,-0.0618,0,-0.006,-0.018,32.2,38
23.76,0,0.11,0,-0.0984,0,-0.006,-0.018,32.2,38
23.78,0,0.11,0,0.0862,0,0.0236,-0.018,32.2,38
23.783,0,0.11,0,0.0191,0,0.0005,-0.018,32.2,38
23.791,0,0.132,0,0.0237,0,-0.0005,-0.018,32.2,38
23.801,0,0.132,0,0.0481,0,-0.006,-0.018,32.2,38
23.811,0,0.11,0,-0.0237,0,-0.0192,-0.018,32.2,38
23.841,0,0.11,0,-0.0298,0,-0.0082,-0.018,32.2,38
23.853,0,0.11,0,0.042,0,-0.0335,-0.018,32.2,38
23.897,0,0.11,0,0.0435,0,0.0115,-0.018,32.2,38
23.908,0,0.11,0,-0.0252,0,0.0291,-0.018,32.2,38
23.94,0,0.11,0,-0.0587,0,0.0038,-0.018,32.2,38
23.951,0,0.11,0,0.0908,0,0.0093,-0.018,32.2,38
23.961,0,0.11,0,-0.0786,0,0.0225,-0.018,32.2,38
23.992,0,0.11,0,0.045,0,0.0016,-0.018,32.2,38
24.003,0,0.11,0,0.0786,0,-0.0137,-0.018,32.2,38
24.013,0,0.11,0,0.0099,0,-0.0368,-0.018,32.2,38
24.043,0,0.11,0,-0.0496,0,0.0071,-0.018,32.2,38
24.054,0,0.132,0,-0.0328,0,-0.0181,-0.018,32.2,38
24.064,0,0.132,0,0.0587,0,0.0324,-0.018,32.2,38
24.101,0,0.132,0,0.1961,0,-0.0225,-0.018,32.2,38
24.112,0,0.132,0,0.1198,0,-0.0104,-0.018,32.2,38
24.146,0,0.132,0,0.1183,0,-0.0247,-0.018,32.2,38
24.158,0,0.132,0,-0.0084,0,0.0016,-0.018,32.2,38
24.195,0,0.132,0,-0.1106,0,0.0335,-0.018,32.2,38
24.206,0,0.132,0,0.0084,0,-0.017,-0.018,32.2,38
24.216,0,0.132,0,-0.0755,0,0.0412,-0.018,32.2,38
24.246,0,0.132,0,-0.0771,0,0.017,-0.018,32.2,38
24.258,0,0.132,0,0.0664,0,-0.0027,-0.018,32.2,38
24.267,0,0.132,0,0.0191,0,-0.0027,-0.018,32.2,38
24.298,0,0.132,0,-0.042,0,0.0379,-0.018,32.2,38
24.31,0,0.132,0,-0.045,0,0.0115,-0.018,32.2,38
24.319,0,0.132,0,0.013,0,-0.0027,-0.018,32.2,38
24.34,0,0.132,0,-0.0359,0,0.0071,-0.018,32.2,38
24.343,0,0.132,0,0.0267,0,-0.0313,-0.018,32.2,38
24.349,0,0.132,0,-0.0053,0,-0.0214,-0.018,32.2,38
24.359,0,0.132,0,-0.1457,0,0.0115,-0.018,32.2,38
24.369,0,0.132,0,-0.0023,0,-0.0049,-0.018,32.2,38
24.394,0,0.132,0,-0.0404,0,-0.0181,-0.018,32.2,38
24.396,0,0.132,0,0.0298,0,-0.006,-0.018,32.2,38
24.398,0,0.132,0,0.0084,0,0.0016,-0.018,32.2,38
24.41,0,0.132,0,0.1106,0,-0.0214,-0.018,32.2,38
24.42,0,0.132,0,-0.0435,0,-0.0148,-0.018,32.2,38
24.451,0,0.132,0,0.1534,0,0.0126,-0.018,32.2,38
24.462,0,0.132,0,-0.0404,0,0.017,-0.018,32.2,38
24.472,0,0.132,0,0.1076,0,0.0137,-0.018,32.2,38
24.502,0,0.132,0,-0.0969,0,-0.0082,-0.018,32.2,38
24.513,0,0.132,0,-0.0969,0,0.0115,-0.018,32.2,38
24.523,0,0.132,0,-0.0969,0,0.0159,-0.018,32.2,38
24.554,0,0.132,0,0.0679,0,0.0214,-0.018,32.2,38
24.565,0,0.132,0,-0.042,0,-0.0324,-0.018,32.2,38
24.575,0,0.132,0,-0.1045,0,0.0104,-0.018,32.2,38
24.596,0,0.132,0,0.1183,0,-0.0236,-0.018,32.2,38
24.599,0,0.132,0,0.0801,0,-0.0016,-0.018,32.2,38
24.605,0,0.132,0,0.0053,0,0.0225,-0.018,32.2,38
24.616,0,0.132,0,-0.0404,0,-0.0258,-0.018,32.2,38
24.626,0,0.132,0,0.1076,0,-0.0313,-0.018,32.2,38
24.656,0,0.132,0,0.0328,0,-0.006,-0.018,32.2,38
24.667,0,0.132,0,-0.0282,0,0.0324,-0.018,32.2,38
24.677,0,0.132,0,0.0267,0,-0.0104,-0.018,32.2,38
24.708,0,0.132,0,0.071,0,-0.0104,-0.018,32.2,38
24.719,0,0.132,0,-0.1122,0,0.0082,-0.018,32.2,38
24.729,0,0.154,0,0.0832,0,0.0071,-0.018,32.2,38
24.768,0,0.154,0,-0.0343,0,0.039,-0.018,32.2,38
24.779,0,0.132,0,0.0328,0,-0.0038,-0.018,32.2,38
24.82,0,0.132,0,-0.0725,0,-0.0005,-0.018,32.2,38
24.831,0,0.132,0,0.071,0,-0.0764,-0.018,32.2,38
24.861,0,0.132,0,-0.1091,0,0.0324,-0.018,32.2,38
24.872,0,0.132,0,-0.1122,0,-0.0313,-0.018,32.2,38
24.882,0,0.132,0,0.0801,0,0.0456,-0.018,32.2,38
24.913,0,0.132,0,0.0587,0,-0.0104,-0.018,32.2,38
24.923,0,0.132,0,0.0084,0,0.0247,-0.018,32.2,38
24.963,0,0.132,0,0.0053,0,0.0555,-0.018,32.2,38
24.974,0,0.132,0,-0.0374,0,-0.0082,-0.018,32.2,38
24.984,0,0.132,0,-0.0893,0,-0.0236,-0.018,32.2,38
25.015,0,0.132,0,0.0893,0,-0.0038,-0.018,32.2,38
25.026,0,0.132,0,0.0404,0,-0.0368,-0.018,32.2,38
25.036,0,0.132,0,-0.0328,0,0.0181,-0.018,32.2,38
25.066,0,0.132,0,-0.0954,0,-0.0137,-0.018,32.2,38
25.077,0,0.154,0,0.1411,0,-0.0291,-0.018,32.2,38
25.087,0,0.132,0,0.0343,0,0.0049,-0.018,32.2,38
25.118,0,0.132,0,-0.1122,0,-0.0115,-0.018,32.2,38
25.129,0,0.132,0,-0.0679,0,0.0214,-0.018,32.2,38
25.138,0,0.132,0,0.0298,0,-0.0225,-0.018,32.2,38
25.171,0,0.132,0,-0.045,0,0.0148,-0.018,32.2,38
25.183,0,0.154,0,0.013,0,-0.0401,-0.018,32.2,38
25.21,0,0.132,0,-0.0542,0,-0.0082,-0.018,32.2,38
25.213,0,0.132,0,-0.0938,0,0.0115,-0.018,32.2,38
25.215,0,0.132,0,-0.0298,0,-0.0159,-0.018,32.2,38
25.222,0,0.132,0,-0.0725,0,0.0115,-0.018,32.2,38
25.232,0,0.132,0,0.013,0,0.0082,-0.018,32.2,38
25.27,0,0.132,0,-0.0648,0,0.0335,-0.018,32.2,38
25.281,0,0.154,0,0.103,0,-0.0313,-0.018,32.2,38
25.291,0,0.132,0,-0.0877,0,-0.0071,-0.018,32.2,38
25.321,0,0.154,0,0.0511,0,-0.006,-0.018,32.2,38
25.332,0,0.132,0,-0.1076,0,-0.0291,-0.018,32.2,38
25.342,0,0.154,0,-0.0771,0,-0.0016,-0.018,32.2,38
25.381,0,0.154,0,-0.0237,0,-0.0093,-0.018,32.2,38
25.392,0,0.154,0,0.074,0,0.0093,-0.018,32.2,38
25.421,0,0.154,0,0.0298,0,0.0192,-0.018,32.2,38
25.423,0,0.154,0,0.0481,0,0.0192,-0.018,32.2,38
25.425,0,0.154,0,0.1534,0,0.0214,-0.018,32.2,38
25.432,0,0.154,0,-0.0908,0,0.0005,-0.018,32.2,38
25.442,0,0.154,0,0.0938,0,0.0005,-0.018,32.2,38
25.473,0,0.154,0,-0.1259,0,-0.0192,-0.018,32.2,38
25.484,0,0.154,0,0.1015,0,0.006,-0.018,32.2,38
25.494,0,0.154,0,0.0465,0,0.0181,-0.018,32.2,38
25.528,0,0.154,0,-0.0496,0,0.0137,-0.018,32.2,38
25.539,0,0.154,0,-0.0298,0,0.0489,-0.018,32.2,38
25.575,0,0.154,0,0.1381,0,0.0093,-0.018,32.2,38
25.586,0,0.154,0,-0.1305,0,-0.0071,-0.018,32.2,38
25.596,0,0.154,0,-0.0252,0,0.0203,-0.018,32.2,38
25.626,0,0.154,0,-0.0023,0,0.0423,-0.018,32.2,38
25.637,0,0.154,0,0.0374,0,0.0335,-0.018,32.2,38
25.647,0,0.154,0,0.0206,0,-0.0214,-0.018,32.2,38
25.678,0,0.154,0,0.0679,0,-0.0313,-0.018,32.2,38
25.689,0,0.154,0,-0.1884,0,0.0016,-0.018,32.2,38
25.699,0,0.154,0,0.0465,0,-0.0203,-0.018,32.2,38
25.731,0,0.154,0,0.0282,0,0.0137,-0.018,32.2,38
25.742,0,0.154,0,-0.0053,0,-0.0137,-0.018,32.2,38
25.785,0,0.154,0,0.0465,0,0.0181,-0.018,32.2,38
25.796,0,0.154,0,-0.0603,0,-0.0434,-0.018,32.2,38
25.832,0,0.154,0,0.0542,0,0.0258,-0.018,32.2,38
25.843,0,0.154,0,-0.0999,0,-0.0236,-0.018,32.2,38
25.853,0,0.154,0,-0.0008,0,-0.0071,-0.018,32.2,38
25.883,0,0.154,0,-0.0481,0,-0.0137,-0.018,32.2,38
25.894,0,0.154,0,-0.0191,0,-0.0302,-0.018,32.2,38
25.904,0,0.154,0,0.013,0,0.0104,-0.018,32.2,38
25.941,0,0.154,0,-0.0755,0,0.0192,-0.018,32.2,38
25.952,0,0.154,0,0.0557,0,-0.0181,-0.018,32.2,38
25.986,0,0.154,0,-0.0023,0,0.028,-0.018,32.2,38
25.997,0,0.154,0,-0.0023,0,0.0313,-0.018,32.2,38
26.007,0,0.154,0,-0.0008,0,-0.0027,-0.018,32.2,38
26.038,0,0.154,0,0.0801,0,0.0005,-0.018,32.2,38
26.049,0,0.154,0,-0.0008,0,-0.0126,-0.018,32.2,38
26.059,0,0.154,0,0.0053,0,0.0247,-0.018,32.2,38
26.09,0,0.154,0,-0.0099,0,-0.0401,-0.018,32.2,38
26.101,0,0.154,0,0.0847,0,0.0192,-0.018,32.2,38
26.111,0,0.154,0,-0.1137,0,-0.0071,-0.018,32.2,38
26.141,0,0.154,0,-0.1427,0,-0.0093,-0.018,32.2,38
26.152,0,0.154,0,-0.0359,0,-0.0082,-0.018,32.2,38
26.162,0,0.154,0,-0.0877,0,0.0225,-0.018,32.2,38
26.193,0,0.154,0,0.016,0,-0.0401,-0.018,32.2,38
26.204,0,0.154,0,-0.1091,0,-0.0368,-0.018,32.2,38
26.214,0,0.154,0,-0.1442,0,-0.0159,-0.018,32.2,38
26.244,0,0.154,0,-0.1823,0,0.0038,-0.018,32.2,38
26.255,0,0.176,0,0.0282,0,-0.0423,-0.018,32.2,38
26.265,0,0.176,0,0.0099,0,0.0005,-0.018,32.2,38
26.301,0,0.176,0,0.106,0,-0.0379,-0.018,32.2,38
26.312,0,0.176,0,-0.0313,0,0.0049,-0.018,32.2,38
26.345,0,0.176,0,-0.0069,0,-0.0214,-0.018,32.2,38
26.356,0,0.176,0,0.0832,0,-0.0445,-0.018,32.2,38
26.366,0,0.176,0,0.193,0,-0.0236,-0.018,32.2,38
26.397,0,0.176,0,-0.0526,0,0.039,-0.018,32.2,38
26.408,0,0.176,0,0.0832,0,-0.0049,-0.018,32.2,38
26.418,0,0.176,0,0.0099,0,0.0434,-0.018,32.2,38
26.454,0,0.176,0,-0.042,0,0.0148,-0.018,32.2,38
26.465,0,0.176,0,-0.0511,0,-0.0291,-0.018,32.2,38
26.498,0,0.176,0,-0.0694,0,0.0071,-0.018,32.2,38
26.509,0,0.176,0,0.0511,0,-0.0324,-0.018,32.2,38
26.519,0,0.176,0,0.0465,0,-0.0346,-0.018,32.2,38
26.55,0,0.176,0,0.0008,0,-0.0181,-0.018,32.2,38
26.561,0,0.176,0,0.1244,0,-0.0148,-0.018,32.2,38
26.571,0,0.176,0,-0.0252,0,-0.0247,-0.018,32.2,38
26.601,0,0.176,0,-0.0694,0,0.0137,-0.018,32.2,38
26.612,0,0.176,0,-0.0404,0,0.028,-0.018,32.2,38
26.622,0,0.176,0,0.0191,0,-0.0104,-0.018,32.2,38
26.653,0,0.176,0,0.0267,0,0.039,-0.018,32.2,38
26.664,0,0.176,0,0.0084,0,0.0104,-0.018,32.2,38
26.674,0,0.176,0,-0.0206,0,0.0027,-0.018,32.2,38
26.704,0,0.176,0,0.013,0,-0.0016,-0.018,32.2,38
26.715,0,0.176,0,0.1167,0,-0.0038,-0.018,32.2,38
26.725,0,0.176,0,-0.0267,0,0.0181,-0.018,32.2,38
26.756,0,0.176,0,0.1381,0,0.0214,-0.018,32.2,38
26.767,0,0.176,0,0.074,0,0.0192,-0.018,32.2,38
26.777,0,0.176,0,0.1091,0,0.0346,-0.018,32.2,38
26.808,0,0.176,0,0.0038,0,-0.028,-0.018,32.2,38
26.819,0,0.176,0,0.0755,0,0.0159,-0.018,32.2,38
26.829,0,0.176,0,0.0969,0,-0.0203,-0.018,32.2,38
26.86,0,0.176,0,0.0267,0,0.0005,-0.018,32.2,38
26.871,0,0.176,0,0.0191,0,0.0159,-0.018,32.2,38
26.881,0,0.176,0,-0.0847,0,0.0368,-0.018,32.2,38
26.918,0,0.176,0,0.0648,0,0.0368,-0.018,32.2,38
26.93,0,0.176,0,-0.0038,0,-0.0082,-0.018,32.2,38
26.963,0,0.176,0,0.0465,0,0.0302,-0.018,32.2,38
26.974,0,0.176,0,0.0557,0,-0.0225,-0.018,32.2,38
26.984,0,0.176,0,-0.0252,0,-0.0357,-0.018,32.2,38
27.021,0,0.176,0,0.0572,0,0.0258,-0.018,32.2,38
27.032,0,0.176,0,-0.0343,0,-0.0104,-0.018,32.2,38
27.055,0,0.176,0,-0.0603,0,-0.0115,-0.018,32.2,38
27.058,0,0.176,0,0.0023,0,0.0313,-0.018,32.2,38
27.062,0,0.176,0,-0.0999,0,0.0247,-0.018,32.2,38
27.072,0,0.176,0,-0.1411,0,-0.0082,-0.018,32.2,38
27.082,0,0.176,0,-0.0603,0,0.0632,-0.018,32.2,38
27.116,0,0.176,0,0.0542,0,-0.0269,-0.018,32.2,38
27.127,0,0.176,0,0.016,0,-0.0269,-0.018,32.2,38
27.137,0,0.176,0,-0.0008,0,-0.006,-0.018,32.2,38
27.168,0,0.176,0,0.0908,0,-0.006,-0.018,32.2,38
27.179,0,0.176,0,0.0618,0,-0.006,-0.018,32.2,38
27.189,0,0.176,0,0.0313,0,-0.0214,-0.018,32.2,38
27.224,0,0.176,0,0.0511,0,0.0038,-0.018,32.2,38
27.234,0,0.176,0,0.0221,0,-0.0445,-0.018,32.2,38
27.272,0,0.176,0,0.045,0,-0.0236,-0.018,32.2,38
27.283,0,0.176,0,-0.1045,0,0.0236,-0.018,32.2,38
27.32,0,0.176,0,0.0404,0,0.0236,-0.018,32.2,38
27.331,0,0.176,0,-0.0908,0,-0.0302,-0.018,32.2,38
27.341,0,0.176,0,0.103,0,-0.0346,-0.018,32.2,38
27.372,0,0.176,0,0.0633,0,-0.0005,-0.018,32.2,38
27.383,0,0.176,0,0.0679,0,0.0247,-0.018,32.2,38
27.393,0,0.176,0,0.0313,0,-0.0302,-0.018,32.2,38
27.413,0,0.176,0,0.0008,0,-0.006,-0.018,32.2,38
27.416,0,0.176,0,-0.0343,0,0.0445,-0.018,32.2,38
27.424,0,0.176,0,0.0984,0,0.0016,-0.018,32.2,38
27.434,0,0.176,0,-0.0923,0,-0.0412,-0.018,32.2,38
27.444,0,0.176,0,0.0816,0,0.0115,-0.018,32.2,38
27.481,0,0.176,0,-0.013,0,0.0104,-0.018,32.2,38
27.493,0,0.176,0,0.0282,0,-0.0093,-0.018,32.2,38
27.523,0,0.176,0,-0.1381,0,0.0104,-0.018,32.2,38
27.534,0,0.176,0,0.0008,0,-0.0104,-0.018,32.2,38
27.544,0,0.176,0,-0.0191,0,0.0159,-0.018,32.2,38
27.575,0,0.176,0,-0.0771,0,0.028,-0.018,32.2,38
27.586,0,0.176,0,-0.071,0,0.0269,-0.018,32.2,38
27.596,0,0.176,0,0.0023,0,-0.0082,-0.018,32.2,38
27.626,0,0.176,0,-0.0984,0,0.0258,-0.018,32.2,38
27.637,0,0.198,0,-0.042,0,-0.0016,-0.018,32.2,38
27.647,0,0.198,0,0.103,0,0.017,-0.018,32.2,38
27.678,0,0.176,0,-0.0496,0,0.0082,-0.018,32.2,38
27.689,0,0.176,0,-0.1198,0,0.0071,-0.018,32.2,38
27.699,0,0.176,0,-0.074,0,0.039,-0.018,32.2,38
27.73,0,0.176,0,0.0191,0,0.0005,-0.018,32.2,38
27.741,0,0.176,0,0.0542,0,0.0093,-0.018,32.2,38
27.751,0,0.176,0,-0.0435,0,-0.0049,-0.018,32.2,38
27.781,0,0.176,0,-0.0587,0,0.0082,-0.018,32.2,38
27.792,0,0.176,0,-0.0008,0,0.0093,-0.018,32.2,38
27.802,0,0.176,0,0.0206,0,0.0137,-0.018,32.2,38
27.833,0,0.176,0,-0.0404,0,-0.0302,-0.018,32.2,38
27.844,0,0.176,0,0.0893,0,0.0324,-0.018,32.2,38
27.854,0,0.176,0,-0.0389,0,-0.0104,-0.018,32.2,38
27.884,0,0.176,0,0.0618,0,-0.0203,-0.018,32.2,38
27.896,0,0.176,0,-0.0679,0,0.0071,-0.018,32.2,38
27.906,0,0.176,0,-0.0008,0,0.0423,-0.018,32.2,38
27.936,0,0.176,0,0.0542,0,-0.0126,-0.018,32.2,38
27.948,0,0.176,0,0.0755,0,-0.0159,-0.018,32.2,38
27.986,0,0.176,0,-0.103,0,-0.0225,-0.018,32.2,38
27.997,0,0.176,0,-0.045,0,-0.0093,-0.018,32.2,38
28.007,0,0.176,0,0.1122,0,0.0115,-0.018,32.2,38
28.037,0,0.176,0,0.0191,0,-0.0269,-0.018,32.2,38
28.048,0,0.176,0,-0.0465,0,0.0115,-0.018,32.2,38
28.058,0,0.176,0,-0.0038,0,0.0368,-0.018,32.2,38
28.089,0,0.176,0,0.0084,0,0.0357,-0.018,32.2,38
28.1,0,0.176,0,0.1122,0,-0.0126,-0.018,32.2,38
28.11,0,0.176,0,0.1137,0,0.0104,-0.018,32.2,38
28.14,0,0.176,0,0.0252,0,0.0533,-0.018,32.2,38
28.151,0,0.176,0,-0.0206,0,-0.0027,-0.018,32.2,38
28.161,0,0.198,0,0.0435,0,0.0016,-0.018,32.2,38
28.191,0,0.176,0,0.1167,0,-0.017,-0.018,32.2,38
28.202,0,0.176,0,-0.1442,0,-0.0412,-0.018,32.2,38
28.212,0,0.176,0,0.0359,0,-0.0467,-0.018,32.2,38
28.242,0,0.176,0,-0.0664,0,0.0192,-0.018,32.2,38
28.253,0,0.176,0,0.0557,0,-0.0115,-0.018,32.2,38
28.263,0,0.176,0,0.0389,0,-0.0225,-0.018,32.2,38
28.294,0,0.176,0,-0.1076,0,0.0324,-0.018,32.2,38
28.305,0,0.176,0,0.1259,0,0.0412,-0.018,32.2,38
28.315,0,0.176,0,-0.1045,0,-0.0049,-0.018,32.2,38
28.335,0,0.176,0,-0.0145,0,0.0071,-0.018,32.2,38
28.338,0,0.176,0,-0.1015,0,-0.017,-0.018,32.2,38
28.346,0,0.176,0,-0.0206,0,-0.0258,-0.018,32.2,38
28.356,0,0.176,0,0.0404,0,0.0555,-0.018,32.2,38
28.366,0,0.176,0,-0.0771,0,0.0027,-0.018,32.2,38
28.396,0,0.176,0,0.0633,0,0.028,-0.018,32.2,38
28.407,0,0.176,0,0.0893,0,0.0071,-0.018,32.2,38
28.417,0,0.176,0,0.0191,0,-0.0478,-0.018,32.2,38
28.455,0,0.176,0,0.0786,0,-0.0181,-0.018,32.2,38
28.466,4.252,2.285,10.8786,6.8627,10.9588,7.1989,-0.018,32.2,38
28.515,97.024,63.282,50,28.819,0.55,1.2585,-0.018,32.2,38
28.571,199.286,160.403,7.7,26.91,-10.673,-6.8045,-0.018,32.2,38
28.628,200,193.428,0,3.2479,0,-0.6883,-0.018,32.2,38
28.678,200,198.108,0,0.9377,0,-0.1236,-0.018,32.2,38
28.718,200,199.163,0,0.222,0,0.0643,-0.018,32.2,38
28.729,200,199.295,0,0.1991,0,0.117,-0.018,32.2,38
28.768,200,199.581,0,-0.0145,0,0.0939,-0.018,32.2,38
28.779,200,199.603,0,-0.0099,0,0.1247,-0.018,32.2,38
28.81,200,199.647,0,-0.0511,0,0.1335,-0.018,32.2,38
28.821,200,199.647,0,0.0862,0,0.1456,-0.018,32.2,38
28.831,200,199.647,0,-0.1122,0,0.1741,-0.018,32.2,38
28.861,200,199.647,0,-0.042,0,0.15,-0.018,32.2,38
28.872,200,199.647,0,-0.0725,0,0.1686,-0.018,32.2,38
28.882,200,199.647,0,-0.0313,0,0.1719,-0.018,32.2,38
28.902,200,199.647,0,0.0771,0,0.1588,-0.018,32.2,38
28.905,200,199.647,0,0.1213,0,0.1522,-0.018,32.2,38
28.912,200,199.647,0,-0.0557,0,0.1544,-0.018,32.2,38
28.922,200,199.647,0,0.0664,0,0.1577,-0.018,32.2,38
28.932,200,199.647,0,-0.0069,0,0.1675,-0.018,32.2,38
28.952,200,199.647,0,0.0618,0,0.1302,-0.018,32.2,38
28.955,200,199.647,0,0.013,0,0.1192,-0.018,32.2,38
28.962,200,199.647,0,0.0969,0,0.1796,-0.018,32.2,38
28.972,200,199.647,0,0.0175,0,0.1126,-0.018,32.2,38
28.982,200,199.647,0,0.0053,0,0.1269,-0.018,32.2,38
29.013,200,199.647,0,-0.1183,0,0.1555,-0.018,32.2,38
29.024,200,199.647,0,-0.1167,0,0.1697,-0.018,32.2,38
29.034,200,199.647,0,-0.164,0,0.1566,-0.018,32.2,38
29.067,200,199.647,0,0.0587,0,0.1566,-0.018,32.2,38
29.078,200,199.647,0,-0.0694,0,0.1192,-0.018,32.2,38
29.115,200,199.647,0,-0.0023,0,0.1379,-0.018,32.2,38
29.126,200,199.647,0,0.074,0,0.1423,-0.018,32.2,38
29.136,200,199.647,0,-0.0847,0,0.1555,-0.018,32.2,38
29.166,200,199.647,0,0.0572,0,0.1401,-0.018,32.2,38
29.178,200,199.647,0,0.0465,0,0.1489,-0.018,32.2,38
29.187,200,199.647,0,0.0572,0,0.1544,-0.018,32.2,38
29.217,200,199.647,0,0.1869,0,0.1401,-0.018,32.2,38
29.228,200,199.669,0,0.0481,0,0.1566,-0.018,32.2,38
29.238,200,199.647,0,-0.0435,0,0.1478,-0.018,32.2,38
29.258,200,199.647,0,-0.016,0,0.1697,-0.018,32.2,38
29.261,200,199.647,0,-0.042,0,0.1555,-0.018,32.2,38
29.267,200,199.669,0,0.0679,0,0.1961,-0.018,32.2,38
29.278,200,199.647,0,0.0664,0,0.1225,-0.018,32.2,38
29.288,200,199.669,0,0.0954,0,0.1642,-0.018,32.2,38
29.327,200,199.647,0,-0.0603,0,0.1379,-0.018,32.2,38
29.338,200,199.647,0,-0.1625,0,0.1302,-0.018,32.2,38
29.378,200,199.647,0,-0.1015,0,0.1357,-0.018,32.2,38
29.389,200,199.647,0,-0.1579,0,0.1752,-0.018,32.2,38
29.419,200,199.669,0,0.1015,0,0.1533,-0.018,32.2,38
29.43,200,199.647,0,0.0343,0,0.1357,-0.018,32.2,38
29.441,200,199.647,0,-0.1198,0,0.1434,-0.018,32.2,38
29.472,200,199.647,0,0.074,0,0.1774,-0.018,32.2,38
29.483,200,199.647,0,-0.0923,0,0.1016,-0.018,32.2,38
29.521,200,199.647,0,-0.0465,0,0.1203,-0.018,32.2,38
29.532,200,199.647,0,-0.0526,0,0.1632,-0.018,32.2,38
29.542,200,199.647,0,0.0679,0,0.1478,-0.018,32.2,38
29.573,200,199.647,0,0.0298,0,0.1511,-0.018,32.2,38
29.584,200,199.647,0,-0.1076,0,0.1511,-0.018,32.2,38
29.593,200,199.647,0,0.0893,0,0.1642,0.174,32.2,38
29.636,200,199.647,0,-0.0099,0,0.1917,0.174,32.2,38
29.665,200,199.669,0,0.1488,0,0.1511,0.174,32.2,38
29.668,200,199.647,0,-0.0999,0,0.1368,0.174,32.2,38
29.67,200,199.669,0,0.0435,0,0.1269,0.174,32.2,38
29.677,200,199.669,0,0.0038,0,0.106,0.174,32.2,38
29.687,200,199.647,0,0.0511,0,0.1774,0.174,32.2,38
29.725,200,199.647,0,-0.0328,0,0.1445,0.174,32.2,38
29.736,200,199.669,0,-0.0282,0,0.1423,0.174,32.2,38
29.746,200,199.647,0,0.0206,0,0.1346,0.174,32.2,38
29.776,200,199.647,0,0.0313,0,0.1401,0.174,32.2,38
29.787,200,199.647,0,-0.0298,0,0.1522,0.174,32.2,38
29.798,200,199.647,0,-0.071,0,0.1379,0.174,32.2,38
29.828,200,199.647,0,0.0023,0,0.1653,0.174,32.2,38
29.839,200,199.647,0,-0.0923,0,0.1027,0.174,32.2,38
29.849,200,199.647,0,-0.0664,0,0.1203,0.174,32.2,38
29.879,200,199.647,0,-0.0771,0,0.1642,0.174,32.2,38
29.89,200,199.647,0,-0.0832,0,0.1258,0.174,32.2,38
29.901,200,199.647,0,0.013,0,0.1456,0.174,32.2,38
29.932,200,199.669,0,0.1427,0,0.1434,0.174,32.2,38
29.943,200,199.647,0,-0.0252,0,0.1324,0.174,32.2,38
29.981,200,199.647,0,0.0175,0,0.1697,0.174,32.2,38
29.992,200,199.647,0,0.0313,0,0.1038,0.174,32.2,38
30.002,200,199.669,0,0.0252,0,0.1203,0.174,32.2,38
30.041,200,199.647,0,0.042,0,0.1192,0.174,32.2,38
30.052,200,199.647,0,0.0313,0,0.1313,0.174,32.2,38
30.093,200,199.669,0,0.0404,0,0.1258,0.174,32.2,38
30.133,200,199.647,0,-0.0053,0,0.1456,0.174,32.2,38
30.144,200,199.647,0,-0.0191,0,0.1137,0.174,32.2,38
30.154,200,199.669,0,0.0664,0,0.1357,0.174,32.2,38
30.196,200,199.647,0,0.0359,0,0.1401,0.174,32.2,38
30.244,200,199.647,0,0.0435,0,0.1313,0.174,32.2,38
30.255,200,199.647,0,-0.0908,0,0.1291,0.174,32.2,38
30.285,200,199.647,0,-0.103,0,0.1478,0.174,32.2,38
30.296,200,199.647,0,-0.0252,0,0.1423,0.174,32.2,38
30.306,200,199.647,0,-0.1396,0,0.084,0.174,32.2,38
30.35,200,199.647,0,0.045,0,0.1434,0.174,32.2,38
30.396,200,199.669,0,0.0481,0,0.1192,0.174,32.2,38
30.407,200,199.669,0,-0.0053,0,0.1632,0.174,32.2,38
30.427,200,199.647,0,-0.0359,0,0.1335,0.174,32.2,38
30.43,200,199.669,0,-0.045,0,0.184,0.174,32.2,38
30.437,200,199.647,0,-0.0786,0,0.1478,0.174,32.2,38
30.447,200,199.647,0,-0.0069,0,0.1203,0.174,32.2,38
30.458,200,199.647,0,-0.0099,0,0.1511,0.174,32.2,38
30.498,200,199.669,0,0.0435,0,0.1137,0.174,32.2,38
30.509,200,199.647,0,-0.1244,0,0.1214,0.174,32.2,38
30.539,200,199.669,0,0.1274,0,0.1159,0.174,32.2,38
30.55,200,199.669,0,0.0633,0,0.1741,0.174,32.2,38
30.561,200,199.647,0,0.0084,0,0.1412,0.174,32.2,38
30.591,200,199.669,0,-0.0191,0,0.1752,0.174,32.2,38
30.602,200,199.669,0,0.0359,0,0.0939,0.174,32.2,38
30.612,200,199.647,0,-0.1106,0,0.1104,0.174,32.2,38
30.642,200,199.669,0,0.0175,0,0.1104,0.174,32.2,38
30.653,200,199.647,0,-0.071,0,0.15,0.174,32.2,38
30.663,200,199.669,0,0.0374,0,0.1489,0.174,32.2,38
30.71,200,199.669,0,0.0359,0,0.1368,0.174,32.2,38
30.745,200,199.647,0,0.074,0,0.1489,0.174,32.2,38
30.756,200,199.669,0,-0.0053,0,0.1686,0.174,32.2,38
30.766,200,199.647,0,-0.0191,0,0.0994,0.174,32.2,38
30.806,200,199.647,0,-0.013,0,0.1642,0.174,32.2,38
30.817,200,199.647,0,-0.0404,0,0.1423,0.174,32.2,38
30.847,200,199.669,0,0.0786,0,0.1192,0.174,32.2,38
30.858,200,199.669,0,0.0053,0,0.1203,0.174,32.2,38
30.868,200,199.669,0,0.0725,0,0.1379,0.174,32.2,38
30.898,200,199.669,0,-0.0282,0,0.1434,0.174,32.2,38
30.909,200,199.647,0,-0.0694,0,0.1082,0.174,32.2,38
30.919,200,199.647,0,-0.0267,0,0.1335,0.174,32.2,38
30.959,200,199.669,0,-0.0496,0,0.0862,0.174,32.2,38
30.97,200,199.669,0,0.0114,0,0.1368,0.174,32.2,38
31.01,200,199.669,0,-0.0587,0,0.1269,0.174,32.2,38
31.021,200,199.647,0,-0.0023,0,0.1148,0.174,32.2,38
31.06,200,199.669,0,0.0221,0,0.1763,0.174,32.2,38
31.071,200,199.647,0,-0.1015,0,0.1621,0.174,32.2,38
31.1,200,199.669,0,0.1549,0,0.1566,0.174,32.2,38
31.103,200,199.669,0,0.0603,0,0.1236,0.174,32.2,38
31.106,200,199.647,0,-0.0572,0,0.1159,0.174,32.2,38
31.112,200,199.669,0,0.0893,0,0.095,0.174,32.2,38
31.122,200,199.669,0,-0.016,0,0.1335,0.174,32.2,38
31.161,200,199.669,0,0.0801,0,0.1379,0.174,32.2,38
31.172,200,199.669,0,0.0343,0,0.1566,0.174,32.2,38
31.201,200,199.669,0,0.0999,0,0.1126,0.174,32.2,38
31.204,200,199.647,0,-0.0252,0,0.1126,0.174,32.2,38
31.206,200,199.647,0,-0.0343,0,0.1577,0.174,32.2,38
31.212,200,199.647,0,-0.0847,0,0.1489,0.174,32.2,38
31.222,200,199.669,0,-0.0069,0,0.1126,0.174,32.2,38
31.253,200,199.647,0,-0.0832,0,0.1434,0.174,32.2,38
31.264,200,199.669,0,-0.0435,0,0.1346,0.174,32.2,38
31.274,200,199.669,0,0.0908,0,0.1577,0.174,32.2,38
31.304,200,199.669,0,0.0206,0,0.139,0.174,32.2,38
31.315,200,199.669,0,-0.0587,0,0.1412,0.174,32.2,38
31.326,200,199.647,0,-0.0053,0,0.1555,0.174,32.2,38
31.356,200,199.647,0,-0.0755,0,0.1192,0.174,32.2,38
31.367,200,199.647,0,-0.016,0,0.1115,0.174,32.2,38
31.378,200,199.669,0,0.1244,0,0.1269,0.174,32.2,38
31.418,200,199.669,0,-0.0511,0,0.1049,0.174,32.2,38
31.429,200,199.669,0,0.0252,0,0.1807,0.174,32.2,38
31.459,200,199.647,0,-0.0008,0,0.1445,0.174,32.2,38
31.47,200,199.647,0,-0.0816,0,0.1478,0.174,32.2,38
31.481,200,199.647,0,0.0038,0,0.1236,0.174,32.2,38
31.52,200,199.669,0,0.0954,0,0.1577,0.174,32.2,38
31.531,200,199.647,0,-0.135,0,0.1401,0.174,32.2,38
31.56,200,199.669,0,0.0374,0,0.1203,0.174,32.2,38
31.563,200,199.647,0,0.1091,0,0.1313,0.174,32.2,38
31.566,200,199.647,0,-0.0771,0,0.1456,0.174,32.2,38
31.572,200,199.669,0,-0.0359,0,0.128,0.174,32.2,38
31.581,200,199.647,0,-0.0343,0,0.1247,0.174,32.2,38
31.612,200,199.669,0,-0.0267,0,0.1621,0.174,32.2,38
31.623,200,199.647,0,0.0053,0,0.1214,0.174,32.2,38
31.633,200,199.669,0,-0.0053,0,0.1423,0.174,32.2,38
31.659,200,199.669,0,0.0023,0,0.1522,0.174,32.2,38
31.664,200,199.669,0,-0.0801,0,0.161,0.174,32.2,38
31.666,200,199.647,0,-0.0587,0,0.1192,0.174,32.2,38
31.674,200,199.669,0,-0.013,0,0.1148,0.174,32.2,38
31.684,200,199.669,0,0.0175,0,0.1357,0.174,32.2,38
31.711,200,199.647,0,-0.0298,0,0.1379,0.174,32.2,38
31.714,200,199.669,0,0.0389,0,0.1467,0.174,32.2,38
31.716,200,199.647,0,-0.0389,0,0.1412,0.174,32.2,38
31.724,200,199.669,0,0.0008,0,0.1632,0.174,32.2,38
31.734,200,199.647,0,-0.0496,0,0.1489,0.174,32.2,38
31.776,200,199.669,0,-0.042,0,0.1126,0.174,32.2,38
31.824,200,199.669,0,-0.0252,0,0.1412,0.174,32.2,38
31.835,200,199.647,0,0.016,0,0.1379,0.174,32.2,38
31.875,200,199.669,0,-0.0221,0,0.1302,0.174,32.2,38
31.886,200,199.669,0,0.0771,0,0.1379,0.174,32.2,38
31.915,200,199.669,0,0.0267,0,0.1126,0.174,32.2,38
31.926,200,199.647,0,0.0191,0,0.1544,0.174,32.2,38
31.936,200,199.669,0,-0.1076,0,0.1137,0.174,32.2,38
31.966,200,199.669,0,-0.0618,0,0.1818,0.174,32.2,38
31.978,200,199.647,0,-0.0633,0,0.1071,0.174,32.2,38
31.987,200,199.669,0,0.0618,0,0.1412,0.174,32.2,38
32.017,200,199.647,0,-0.0771,0,0.1049,0.174,32.2,38
32.028,200,199.647,0,-0.0038,0,0.1533,0.174,32.2,38
32.038,200,199.647,0,0.0755,0,0.1511,0.174,32.2,38
32.078,200,199.647,0,0.0572,0,0.1412,0.174,32.2,38
32.089,200,199.669,0,-0.1335,0,0.1225,0.174,32.2,38
32.128,200,199.647,0,0.0008,0,0.1412,0.174,32.2,38
32.139,200,199.669,0,0.0877,0,0.1522,0.174,32.2,38
32.17,200,199.669,0,0.0282,0,0.1478,0.174,32.2,38
32.181,200,199.669,0,-0.0572,0,0.1027,0.174,32.2,38
32.191,200,199.669,0,0.0694,0,0.1269,0.174,32.2,38
32.221,200,199.647,0,0.1228,0,0.1302,0.174,32.2,38
32.232,200,199.647,0,-0.0908,0,0.1566,0.174,32.2,38
32.242,200,199.669,0,-0.0526,0,0.1599,0.174,32.2,38
32.273,200,199.669,0,-0.0771,0,0.1302,0.174,32.2,38
32.284,200,199.669,0,0.0145,0,0.1269,0.174,32.2,38
32.294,200,199.669,0,-0.0267,0,0.1412,0.174,32.2,38
32.324,200,199.669,0,0.0191,0,0.1269,0.174,32.2,38
32.336,200,199.669,0,-0.0145,0,0.1203,0.174,32.2,38
32.345,200,199.669,0,0.0114,0,0.1115,0.174,32.2,38
32.376,200,199.669,0,-0.0191,0,0.0994,0.174,32.2,38
32.387,200,199.669,0,0.0648,0,0.15,0.174,32.2,38
32.435,200,199.669,0,0.0679,0,0.1423,0.174,32.2,38
32.446,200,199.647,0,0.0511,0,0.1214,0.174,32.2,38
32.476,200,199.669,0,0.0313,0,0.1203,0.174,32.2,38
32.487,200,199.669,0,0.0099,0,0.1269,0.174,32.2,38
32.498,200,199.669,0,-0.0771,0,0.095,0.174,32.2,38
32.538,200,199.669,0,-0.0008,0,0.1225,0.174,32.2,38
32.549,200,199.669,0,-0.1106,0,0.1159,0.174,32.2,38
32.579,200,199.669,0,0.0404,0,0.1247,0.174,32.2,38
32.59,200,199.647,0,-0.1045,0,0.1302,0.174,32.2,38
32.601,200,199.669,0,0.042,0,0.1269,0.174,32.2,38
32.632,200,199.669,0,-0.0374,0,0.1214,0.174,32.2,38
32.643,200,199.647,0,0.0832,0,0.1269,0.174,32.2,38
32.675,200,199.669,0,-0.0084,0,0.1093,0.174,32.2,38
32.686,200,199.647,0,-0.0313,0,0.1192,0.174,32.2,38
32.696,200,199.669,0,0.1244,0,0.1763,0.174,32.2,38
32.722,200,199.669,0,-0.0145,0,0.1324,0.174,32.2,38
32.725,200,199.669,0,-0.103,0,0.1203,0.174,32.2,38
32.728,200,199.647,0,-0.0023,0,0.139,0.174,32.2,38
32.736,200,199.669,0,0.0725,0,0.161,0.174,32.2,38
32.746,200,199.669,0,-0.0175,0,0.1181,0.174,32.2,38
32.794,200,199.669,0,-0.1183,0,0.1401,0.174,32.2,38
32.843,200,199.647,0,-0.1198,0,0.1577,0.174,32.2,38
32.854,200,199.647,0,-0.0633,0,0.1467,0.174,32.2,38
32.894,200,199.669,0,0.0252,0,0.1522,0.174,32.2,38
32.905,200,199.669,0,0.1259,0,0.1291,0.174,32.2,38
32.944,200,199.669,0,0.0298,0,0.095,0.174,32.2,38
32.955,200,199.669,0,0.0237,0,0.1214,0.174,32.2,38
32.985,200,199.669,0,0.0465,0,0.1346,0.174,32.2,38
32.996,200,199.647,0,0.0008,0,0.1203,0.174,32.2,38
33.006,200,199.669,0,-0.0618,0,0.1269,0.174,32.2,38
33.042,200,199.669,0,-0.0725,0,0.1368,0.174,32.2,38
33.053,200,199.669,0,-0.0557,0,0.1148,0.174,32.2,38
33.086,200,199.669,0,-0.0389,0,0.1566,0.174,32.2,38
33.097,200,199.669,0,-0.0725,0,0.1005,0.174,32.2,38
33.107,200,199.669,0,-0.0664,0,0.1379,0.174,32.2,38
33.138,200,199.669,0,-0.0786,0,0.1434,0.174,32.2,38
33.149,200,199.669,0,-0.0099,0,0.0994,0.174,32.2,38
33.159,200,199.647,0,-0.0175,0,0.15,0.174,32.2,38
33.2,200,199.669,0,0.0145,0,0.1093,0.174,32.2,38
33.211,200,199.669,0,-0.0954,0,0.0994,0.174,32.2,38
33.25,200,199.669,0,-0.071,0,0.1533,0.174,32.2,38
33.261,200,199.669,0,0.1549,0,0.1357,0.174,32.2,38
33.291,200,199.669,0,0.0038,0,0.1434,0.174,32.2,38
33.302,200,199.669,0,0.0267,0,0.1269,0.174,32.2,38
33.312,200,199.669,0,0.1076,0,0.106,0.174,32.2,38
33.342,200,199.669,0,0.0053,0,0.1642,0.174,32.2,38
33.353,200,199.669,0,0.0038,0,0.1313,0.174,32.2,38
33.363,200,199.647,0,-0.0053,0,0.1203,0.174,32.2,38
33.394,200,199.669,0,0.0267,0,0.1412,0.174,32.2,38
33.405,200,199.669,0,0.0648,0,0.1258,0.174,32.2,38
33.453,200,199.669,0,0.1305,0,0.117,0.174,32.2,38
33.464,200,199.669,0,-0.1366,0,0.1434,0.174,32.2,38
33.503,200,199.669,0,0.0053,0,0.1126,0.174,32.2,38
33.514,200,199.647,0,-0.1747,0,0.1082,0.174,32.2,38
33.554,200,199.647,0,-0.0603,0,0.1324,0.174,32.2,38
33.565,200,199.669,0,0.1198,0,0.1071,0.174,32.2,38
33.595,200,199.669,0,-0.013,0,0.1577,0.174,32.2,38
33.606,200,199.669,0,0.1305,0,0.1236,0.174,32.2,38
33.616,200,199.669,0,-0.0389,0,0.106,0.174,32.2,38
33.636,200,199.669,0,-0.0389,0,0.128,0.174,32.2,38
33.639,200,199.669,0,0.0435,0,0.128,0.174,32.2,38
33.647,200,199.647,0,-0.1167,0,0.1126,0.174,32.2,38
33.656,200,199.669,0,-0.0587,0,0.1763,0.174,32.2,38
33.666,200,199.669,0,0.0038,0,0.1247,0.174,32.2,38
33.696,200,199.669,0,0.0359,0,0.1489,0.174,32.2,38
33.707,200,199.669,0,0.013,0,0.1379,0.174,32.2,38
33.718,200,199.669,0,-0.0175,0,0.0994,0.174,32.2,38
33.754,200,199.669,0,-0.0038,0,0.1324,0.174,32.2,38
33.766,200,199.669,0,0.0023,0,0.1467,0.174,32.2,38
33.794,200,199.669,0,-0.0267,0,0.1269,0.174,32.2,38
33.797,200,199.647,0,-0.0267,0,0.1093,0.174,32.2,38
33.799,200,199.669,0,0.0969,0,0.1412,0.174,32.2,38
33.806,200,199.669,0,0.0542,0,0.1302,0.174,32.2,38
33.816,200,199.669,0,-0.013,0,0.1324,0.174,32.2,38
33.84,200,199.669,0,-0.0664,0,0.1115,0.174,32.2,38
33.843,200,199.669,0,0.0038,0,0.1467,0.174,32.2,38
33.846,200,199.669,0,-0.0359,0,0.0928,0.174,32.2,38
33.856,200,199.669,0,0.0603,0,0.1555,0.174,32.2,38
33.866,200,199.669,0,0.0511,0,0.1357,0.174,32.2,38
33.9,200,199.669,0,0.0511,0,0.1632,0.174,32.2,38
33.911,200,199.669,0,-0.0038,0,0.1203,0.174,32.2,38
33.921,200,199.647,0,-0.0694,0,0.1346,0.174,32.2,38
33.961,200,199.669,0,-0.074,0,0.1192,0.174,32.2,38
33.972,200,199.669,0,0.0267,0,0.1269,0.174,32.2,38
34.001,200,199.669,0,0.1076,0,0.1401,0.174,32.2,38
34.004,200,199.669,0,0.0206,0,0.1324,0.174,32.2,38
34.006,200,199.669,0,0.0832,0,0.0994,0.174,32.2,38
34.012,200,199.669,0,0.0145,0,0.1522,0.174,32.2,38
34.022,200,199.669,0,-0.0114,0,0.128,0.174,32.2,38
34.043,200,199.669,0,-0.0694,0,0.1533,0.174,32.2,38
34.046,200,199.669,0,0.0069,0,0.1313,0.174,32.2,38
34.052,200,199.669,0,0.0633,0,0.1346,0.174,32.2,38
34.062,200,199.669,0,-0.0114,0,0.128,0.174,32.2,38
34.072,200,199.669,0,0.0298,0,0.1357,0.174,32.2,38
34.102,200,199.647,0,-0.0496,0,0.1335,0.174,32.2,38
34.113,200,199.669,0,0.0404,0,0.1236,0.174,32.2,38
34.123,200,199.669,0,-0.0679,0,0.173,0.174,32.2,38
34.154,200,199.669,0,0.0465,0,0.1478,0.174,32.2,38
34.165,200,199.647,0,-0.1244,0,0.1181,0.174,32.2,38
34.204,200,199.669,0,0.0496,0,0.1368,0.174,32.2,38
34.215,200,199.669,0,-0.0404,0,0.1247,0.174,32.2,38
34.256,200,199.669,0,0.0572,0,0.1203,0.174,32.2,38
34.267,200,199.669,0,0.0008,0,0.1126,0.174,32.2,38
34.304,200,199.669,0,0.0771,0,0.139,0.174,32.2,38
34.315,200,199.669,0,-0.0526,0,0.095,0.174,32.2,38
34.363,200,199.669,0,0.0481,0,0.1104,0.174,32.2,38
34.374,200,199.669,0,0.0496,0,0.1236,0.174,32.2,38
34.414,200,199.669,0,-0.074,0,0.1115,0.174,32.2,38
34.425,200,199.669,0,-0.0114,0,0.1203,0.174,32.2,38
34.446,200,199.669,0,-0.0389,0,0.1214,0.174,32.2,38
34.449,200,199.669,0,-0.016,0,0.1324,0.174,32.2,38
34.455,200,199.669,0,-0.0008,0,0.1225,0.174,32.2,38
34.466,200,199.669,0,0.0511,0,0.1159,0.174,32.2,38
34.476,200,199.669,0,0.0023,0,0.1126,0.174,32.2,38
34.506,200,199.669,0,0.0496,0,0.1313,0.174,32.2,38
34.517,200,199.669,0,-0.0359,0,0.1313,0.174,32.2,38
34.528,200,199.669,0,0.0786,0,0.1566,0.174,32.2,38
34.558,200,199.669,0,0.0313,0,0.1258,0.174,32.2,38
34.569,200,199.669,0,0.0343,0,0.1401,0.174,32.2,38
34.579,200,199.669,0,0.0465,0,0.1796,0.174,32.2,38
34.611,200,199.669,0,0.0191,0,0.1038,0.174,32.2,38
34.622,200,199.669,0,-0.074,0,0.1357,0.174,32.2,38
